"","id","v1","v2","v3","v4","v5","v6","v7","v8","v9","v10","v11","v12","v13","v14","v15","v16","v17"
"1",1,2,3,2,2,2,4,4,1,1,3,2,2,3,4,0,-1.75923899911865,0.6811346600731
"2",2,4,4,3,3,5,2,2,3,3,3,3,4,2,2,0,0.463944946997027,0.238505730143138
"3",3,4,2,3,5,4,2,2,4,4,2,3,4,5,3,0,0.66258584354053,0.364944800862181
"4",4,5,5,5,3,4,2,3,4,4,3,4,2,3,3,0,-0.168016150890366,0.278203516769818
"5",5,4,3,3,3,3,4,4,3,3,3,1,2,3,1,0,-0.0716819070841341,0.939407515921612
"6",6,1,2,1,1,1,5,4,4,1,2,3,3,3,1,1,-1.02873742573644,0.741669663138744
"7",7,2,2,3,2,4,3,2,2,4,5,4,3,2,4,0,0.302514226949112,1.4003830226864
"8",8,4,4,4,3,2,3,3,2,2,1,1,3,1,1,0,0.0798442680178938,11.6733328870118
"9",9,2,3,2,2,1,5,3,3,1,3,3,2,3,2,1,-1.46934993694086,0.659422741941518
"10",10,4,3,2,3,1,4,2,3,4,5,4,5,2,2,1,-0.145317896804454,0.887901873018296
"11",11,3,3,3,2,2,3,3,3,3,4,3,2,4,4,1,-0.943331128891751,0.505370821751215
"12",12,3,5,4,4,5,1,4,3,4,4,3,3,3,3,1,0.109661477248341,2.04832038815112
"13",13,5,4,3,4,2,3,3,3,4,3,1,1,1,3,0,-0.408109876058723,2.1083132158167
"14",14,2,3,3,3,5,2,3,4,4,3,1,4,3,3,1,0.161509441801394,2.17367228403075
"15",15,4,5,3,4,3,4,4,2,4,3,3,3,3,2,0,1.07451899307453,0.303471431797593
"16",16,5,3,4,2,3,4,4,4,3,3,3,3,2,4,1,0.383291395629267,2.09429973573482
"17",17,4,5,4,4,3,2,2,3,4,2,3,2,2,4,0,3.80775431477586,0.907500832588994
"18",18,3,3,3,2,3,2,4,3,2,4,4,3,5,3,1,1.04589724120303,6.99182496413944
"19",19,3,3,3,3,1,5,1,2,1,1,3,3,2,3,0,-1.32267135895289,0.615364617358171
"20",20,3,4,3,2,3,2,2,5,4,5,5,4,5,3,1,-0.905820251729579,3.50601808611226
"21",21,4,4,3,4,2,3,2,2,2,3,2,3,2,4,0,-1.39899201436746,1.08839428270852
"22",22,2,3,3,3,3,3,3,2,2,3,4,4,4,5,1,0.962485530607233,0.887537973390391
"23",23,2,5,2,4,4,3,2,4,3,5,4,3,5,2,1,-0.694489301865652,0.51496525131397
"24",24,3,3,1,2,3,4,2,3,3,3,2,3,3,4,0,-0.429799346131381,0.0698680409924253
"25",25,1,1,2,2,2,3,4,2,2,3,3,2,5,3,1,-0.306388920659823,0.196115082816854
"26",26,5,4,5,4,4,1,1,5,4,3,3,3,4,2,0,0.770332979570776,0.342471369353897
"27",27,4,4,4,5,5,1,3,5,4,2,1,3,3,3,1,-0.550043807226818,0.390364904129523
"28",28,4,5,4,4,3,2,4,3,4,3,2,2,2,1,0,-0.493744341070182,3.23843979705047
"29",29,3,2,4,2,2,4,3,3,3,2,3,4,2,2,0,-1.36207346741351,0.892916133319794
"30",30,3,3,4,3,3,5,4,1,2,4,3,3,4,2,1,0.391822366283666,1.79812521371082
"31",31,2,3,3,1,2,4,4,3,4,3,3,4,5,2,0,-0.765427210199227,2.49993651877908
"32",32,4,4,5,4,3,2,2,5,4,3,3,4,4,4,0,-2.10859313617543,0.479741705537397
"33",33,2,3,2,3,3,4,3,2,3,2,4,3,2,3,0,-0.0896722738950235,2.17205577399504
"34",34,3,1,2,3,3,4,4,3,2,2,4,4,3,3,0,-1.08001667301899,0.979102249697766
"35",35,5,5,5,4,3,3,4,4,4,4,3,3,2,2,0,-0.41460561857904,0.340525504974212
"36",36,3,3,4,3,5,1,4,5,4,4,5,5,4,2,1,0.216392740192935,1.08454488263539
"37",37,4,4,4,2,3,3,3,3,3,3,3,3,4,2,1,-1.81485150351433,1.29668130199057
"38",38,1,3,1,3,3,3,4,4,2,4,3,4,4,3,1,-0.712988892955958,1.35865011606369
"39",39,2,4,4,2,4,1,4,4,4,3,1,2,1,4,0,1.70599667306351,5.72162917301062
"40",40,3,5,3,4,3,3,4,4,3,3,4,4,3,3,1,0.771425356739083,1.37435646833104
"41",41,4,4,2,1,3,3,3,2,3,2,2,2,3,3,1,-1.22600912005195,0.0971911692645493
"42",42,3,5,2,4,4,2,3,4,4,2,2,4,3,1,0,-0.411099725445474,0.513827259465191
"43",43,3,1,3,3,3,3,4,3,2,4,2,3,3,4,0,0.0804303593998832,0.0962552720494723
"44",44,2,3,2,2,3,2,4,4,4,4,4,4,5,3,0,0.110980307607301,2.53840000493567
"45",45,3,3,4,4,4,3,2,4,4,3,4,3,3,3,1,0.65442293562204,0.400756353474279
"46",46,5,5,5,5,1,5,5,1,1,4,5,5,5,5,0,-0.479752692415643,28.0851935298057
"47",47,3,5,3,3,2,3,3,1,2,2,1,1,2,3,0,-0.842221229269316,4.97438972135056
"48",48,4,4,2,4,3,3,3,3,3,2,3,3,3,3,1,-0.153392014030211,4.11241349140176
"49",49,3,4,3,5,5,2,4,4,4,3,4,3,2,2,1,-1.30118805760448,5.34093017103729
"50",50,4,4,5,3,3,2,4,4,4,3,2,3,2,4,0,0.403340366321123,3.46253641133357
"51",51,1,2,1,2,3,3,3,4,4,5,3,4,5,1,1,-0.118921779994889,2.91238006632302
"52",52,2,3,3,3,3,3,3,3,2,2,2,2,2,1,1,-2.20895944403496,0.123355468217117
"53",53,5,5,2,5,4,2,4,5,4,4,3,3,4,3,1,0.100064312440253,0.877039115843885
"54",54,2,3,3,2,1,4,4,2,2,4,2,2,3,4,1,-0.455109296846068,0.655551986492825
"55",55,4,4,4,4,4,2,1,4,3,4,3,3,4,4,1,1.36730433261452,1.89456494217823
"56",56,5,3,3,3,2,4,3,3,3,2,4,2,3,2,0,0.574821396987631,5.17808754200197
"57",57,2,3,4,2,3,4,2,1,2,4,3,3,2,3,1,-0.999986962329988,0.435060509041481
"58",58,3,5,4,4,3,3,4,2,3,2,3,3,3,2,1,-0.405652837344699,1.01158858159267
"59",59,2,2,3,3,4,3,4,4,3,2,3,4,5,2,0,-0.336732826916057,2.84228185779752
"60",60,4,2,2,2,3,4,3,3,3,3,5,4,3,4,0,1.66716865759561,1.69528616517845
"61",61,2,2,2,4,3,3,3,3,3,2,2,4,3,3,1,-0.376823015927974,0.145202875480581
"62",62,2,3,1,2,3,3,4,3,3,3,4,3,4,4,0,-0.0062360884944424,1.48783911752295
"63",63,3,5,4,4,3,3,3,2,3,2,2,2,2,3,0,0.0864497503165678,2.82285358109596
"64",64,3,5,5,5,3,3,1,4,4,2,3,2,2,3,1,0.0540497811223579,0.819835690794889
"65",65,3,4,2,4,3,4,4,4,1,2,3,4,2,3,1,1.63521455412404,0.224463927197205
"66",66,3,2,4,3,1,5,2,2,2,3,3,2,3,3,0,-0.684014261763827,2.14082081835238
"67",67,4,5,4,4,3,2,3,4,4,3,4,3,2,2,0,-0.223512255165946,1.39819002140554
"68",68,3,3,4,5,4,2,2,2,3,2,3,2,3,3,1,1.56943764651044,0.470623895151409
"69",69,2,3,2,3,3,4,3,4,2,4,2,4,3,4,1,0.448556192634638,0.221909994488357
"70",70,3,3,5,4,4,2,2,4,3,3,4,3,4,5,1,0.0544586912434208,2.31932435067216
"71",71,3,3,4,3,3,3,4,2,3,5,3,3,4,2,1,1.16026104432251,1.91074314230873
"72",72,5,5,5,5,1,5,5,1,1,5,5,5,5,5,0,-1.18610840993787,6.51943147773398
"73",73,5,3,3,3,3,3,3,3,4,4,3,1,2,3,0,0.656752336830682,2.0477059445221
"74",74,4,3,3,2,3,4,2,2,2,2,2,2,3,3,0,0.164850958415152,1.2154636449222
"75",75,2,3,2,3,2,2,4,3,4,2,2,3,3,1,0,1.2962377371696,5.54581528555786
"76",76,4,3,4,3,3,2,2,3,3,4,3,4,4,3,1,-0.353967402610287,0.70767526692354
"77",77,3,2,1,2,4,3,3,1,3,4,4,3,4,3,1,-1.33976589892934,0.861826015677895
"78",78,3,3,3,5,3,1,3,4,4,4,2,4,3,4,1,-0.943947998485383,0.513323828199661
"79",79,2,4,2,4,3,4,1,4,1,4,3,3,3,2,1,-0.568149081821888,0.293549170843383
"80",80,3,3,3,3,3,2,3,3,4,3,3,3,3,1,0,-0.865389613555563,5.33097272831527
"81",81,3,2,3,2,5,2,4,4,4,4,5,4,3,3,1,0.759019430956966,0.454427766021928
"82",82,3,2,3,2,4,3,3,2,2,5,3,4,2,3,0,0.0470524437529569,1.10149590193932
"83",83,3,3,4,3,5,1,3,4,4,4,4,4,3,5,1,-0.991474113144485,2.15673588069931
"84",84,2,2,1,1,4,2,3,3,4,3,3,2,2,2,1,-0.576547982285823,1.26505928024852
"85",85,1,3,2,1,2,4,3,2,2,2,2,2,2,2,0,-1.37193593337092,0.383728598443885
"86",86,3,2,2,3,3,2,2,3,2,3,4,4,4,4,0,0.0590196360137941,0.50134778716315
"87",87,2,3,3,3,3,3,3,2,3,5,1,2,4,1,1,1.15273267992298,1.70460172068934
"88",88,1,3,3,2,2,4,3,1,2,2,3,2,3,4,0,0.716957258667077,0.415842467269704
"89",89,3,3,3,3,2,4,2,2,3,3,3,4,4,3,1,-0.471551645976133,1.31163114302539
"90",90,2,1,1,2,3,3,2,4,3,4,3,2,4,3,1,-0.233889142445261,5.79728718478411
"91",91,4,4,4,4,4,4,4,4,3,4,3,2,3,3,0,0.0990459621646376,10.7395005917922
"92",92,4,4,4,3,3,3,2,3,3,3,3,4,2,2,0,0.51579553715485,0.341116484491244
"93",93,2,2,3,2,4,3,4,3,4,5,5,4,5,3,1,1.37577372600991,0.114291665065026
"94",94,3,2,3,3,3,3,4,3,3,3,4,3,3,3,1,0.481858840754093,0.742209976047334
"95",95,3,4,1,4,3,2,3,3,3,4,4,2,4,3,0,-0.291748374423186,0.760529263764939
"96",96,5,4,2,4,4,3,3,3,4,4,4,5,2,2,1,0.604670690765394,0.10486758588987
"97",97,2,3,2,3,2,3,3,3,3,3,3,1,2,4,1,0.13520776867625,2.47494927469221
"98",98,3,3,3,3,3,3,3,3,4,4,3,3,4,3,0,1.02344556269575,0.295881462020994
"99",99,4,4,3,3,4,2,2,3,4,4,3,2,2,2,1,0.37962550900854,1.22433962202698
"100",100,4,3,5,5,3,4,3,3,3,3,4,2,4,5,0,-1.7709106721345,2.24999825514285
"101",101,4,4,3,3,3,2,2,4,3,3,3,2,2,2,0,-0.225099642884492,2.09595662155606
"102",102,2,3,3,2,3,4,2,1,1,1,1,1,1,3,0,0.402664246234249,6.04004099571079
"103",103,3,2,2,3,3,3,3,3,2,3,4,4,3,2,1,0.776815743955171,1.55629751645639
"104",104,1,2,7,6,8,1,6,7,3,7,4,1,7,6,1,-1.46860143008874,0.473527675913159
"105",105,4,3,3,3,3,1,2,4,4,5,5,4,3,5,1,0.434532479766838,1.91439643687937
"106",106,4,2,2,4,4,2,3,5,3,3,4,2,3,2,1,-0.463910676044412,1.76326348248862
"107",107,4,3,3,3,4,1,4,3,4,4,3,4,3,4,1,-0.340293382619981,0.739914931036518
"108",108,2,4,3,2,3,4,1,2,3,3,3,3,3,3,1,-1.08878009900663,1.88441616628051
"109",109,2,4,5,2,3,3,3,3,4,2,2,1,3,2,1,-1.04685828666784,0.951220296673204
"110",110,2,3,2,4,3,3,2,1,2,3,3,4,4,5,0,1.18470887416612,1.14752642915347
"111",111,2,1,3,2,2,5,2,2,2,1,3,1,1,4,0,-0.61283833586874,0.758704438421297
"112",112,2,3,4,3,3,4,2,2,2,2,2,3,4,3,0,0.525760908142375,1.1601865369508
"113",113,3,3,2,3,1,4,4,1,2,4,4,4,2,2,0,-0.355264256231932,0.14042695608361
"114",114,5,5,5,5,5,2,4,4,3,3,4,5,5,4,1,0.919233223014018,0.957256959130861
"115",115,3,3,2,2,1,4,3,2,2,2,2,3,2,5,0,-1.66850076319538,2.80031045231975
"116",116,3,3,3,4,3,2,3,2,2,4,3,3,3,2,1,0.562282189593213,3.35836216550595
"117",117,3,2,3,3,4,3,4,3,3,2,2,3,2,3,0,-0.444420106566869,0.619166099749885
"118",118,2,2,2,3,1,4,3,3,2,2,2,2,3,3,0,-0.471387735292917,0.0201466354131851
"119",119,3,2,2,2,3,3,4,3,3,5,4,3,3,2,1,-1.5474286396575,0.0954750230511118
"120",120,5,4,3,3,3,2,3,3,4,2,3,2,3,4,1,-0.334572440799163,1.95726909320429
"121",121,4,3,2,4,4,1,2,3,4,4,5,5,4,4,0,0.614347436046134,3.63141668600611
"122",122,1,2,2,2,2,3,5,3,2,2,3,3,2,2,0,-0.352318503537946,0.47616657078456
"123",123,4,4,3,4,4,2,1,4,3,4,3,4,5,3,1,-0.244240109437525,2.79398961435116
"124",124,4,5,4,4,4,3,3,3,3,1,4,2,3,3,1,1.55116275084236,1.09635104863519
"125",125,5,3,4,3,2,3,2,1,3,1,1,2,2,3,1,0.0569100458773427,2.85436440505685
"126",126,3,2,3,3,2,4,2,3,3,3,2,4,5,1,0,0.859675259705487,0.404433374226058
"127",127,2,2,2,2,1,3,3,2,3,3,3,3,3,3,1,0.351495001522565,0.935091731197442
"128",128,2,3,3,3,2,4,3,4,2,3,2,2,3,3,1,0.485939629728311,3.31303585789976
"129",129,2,3,3,4,1,4,4,2,2,5,3,4,3,2,0,0.290971624657093,0.611364825028907
"130",130,3,3,3,2,3,5,2,3,2,2,4,5,4,3,1,-0.0472132881141575,0.392411450640668
"131",131,3,5,3,2,5,1,3,4,3,5,4,5,5,4,0,-0.854850917325094,0.35613614296465
"132",132,4,5,4,4,5,1,3,5,4,4,4,4,3,3,1,0.335584653677622,1.18933022348749
"133",133,4,5,5,5,4,2,1,3,4,4,2,2,2,3,0,-1.78728523629922,0.314616279652362
"134",134,4,3,5,4,3,3,2,3,4,4,3,3,2,1,1,-0.0628848059245277,0.827224189394328
"135",135,3,4,4,4,3,2,4,4,4,3,3,2,2,2,1,-0.316796539138395,1.46913652892062
"136",136,4,3,4,3,3,3,1,2,4,1,3,3,3,3,1,-0.225867015079044,0.565307975561985
"137",137,4,3,3,2,4,2,2,5,4,3,4,4,2,1,0,0.697609729189879,1.36514299610125
"138",138,2,1,3,3,1,5,2,1,2,2,3,2,3,4,1,-0.340482251583814,0.583309587696523
"139",139,5,5,5,5,1,5,5,1,1,5,5,5,5,5,1,-2.19821166974179,35.5188226075352
"140",140,3,4,3,1,3,3,3,3,3,3,3,2,3,3,1,-1.1017108283019,1.26767944369067
"141",141,3,4,4,4,3,4,2,2,2,3,2,2,1,3,0,0.945278596496688,0.994589718612006
"142",142,2,3,2,3,4,3,4,3,3,4,2,4,5,2,1,0.392131559971882,4.168064059572
"143",143,3,3,4,3,3,3,3,1,2,3,5,5,4,2,1,0.23340833189137,0.050699542969355
"144",144,2,1,1,3,3,2,4,2,3,3,3,3,2,4,1,0.964072604884929,0.972529223921282
"145",145,4,4,4,4,4,3,2,4,4,3,3,5,3,3,1,0.321295184178462,2.78386993222262
"146",146,1,1,2,3,2,3,3,1,2,5,3,3,2,4,1,0.518917680108085,1.55522760685893
"147",147,2,4,3,3,4,3,3,4,3,1,2,1,1,3,0,-1.888248022812,7.64129508317277
"148",148,2,3,2,2,2,5,3,2,2,3,3,4,4,3,0,0.119728242041483,0.119493290477388
"149",149,5,4,2,4,3,3,3,1,2,3,4,4,4,2,1,1.07172250550069,1.63204731863857
"150",150,3,2,4,3,2,5,4,3,1,3,3,2,2,3,0,2.10727300643014,0.345483560430044
"151",151,3,3,2,3,3,3,3,3,3,3,4,3,3,3,0,0.465561294051281,0.195903653944631
"152",152,3,3,4,2,3,4,3,4,4,4,3,3,4,3,1,-0.191293761757413,0.589743860220434
"153",153,3,3,5,2,3,4,2,3,2,4,4,3,4,4,1,0.0305516765208007,0.314730395682906
"154",154,2,3,1,3,1,4,3,1,3,4,3,4,4,3,1,0.556856310808231,1.15569046486867
"155",155,3,3,1,2,3,5,3,3,3,3,3,4,3,5,1,-1.11377963468091,0.507868313638622
"156",156,4,5,4,2,2,4,4,3,4,3,2,4,2,3,1,-1.05797065056107,0.53641544290737
"157",157,2,3,2,2,2,3,3,4,2,3,4,3,3,2,1,-0.645096628986945,0.590373101269905
"158",158,3,2,3,3,3,3,2,3,3,2,3,2,2,3,0,2.27483734978638,5.50313828660775
"159",159,3,2,3,3,2,3,2,2,4,3,3,2,2,2,0,0.101295066443381,2.32601526532558
"160",160,2,5,3,3,4,3,3,4,4,4,5,5,5,2,1,1.83782121540421,0.698475180007895
"161",161,4,3,4,3,1,3,3,2,2,5,3,3,3,4,0,0.324683556858803,3.07156335057751
"162",162,2,1,3,2,3,3,2,3,3,3,3,4,4,3,0,-0.331665963631696,5.25794793124061
"163",163,2,3,1,2,1,4,3,1,2,3,3,4,2,2,0,0.944955751582893,0.914262460398304
"164",164,2,2,4,3,1,4,4,2,2,3,3,3,3,3,0,-0.599706601951626,0.747187041471919
"165",165,4,4,5,2,4,3,3,5,4,2,2,3,2,2,0,0.876317272641411,1.10307424287397
"166",166,2,1,3,2,3,4,2,2,2,3,3,3,4,3,1,1.00608360648225,0.54645760606663
"167",167,3,2,3,2,3,4,3,1,1,3,4,3,3,3,0,-0.753546797645782,0.77068612143559
"168",168,4,3,3,4,3,2,4,3,3,1,2,4,2,2,1,-2.0605807764773,4.51314339290832
"169",169,4,2,2,4,3,2,4,4,4,4,3,3,2,3,1,1.85560056382632,5.26644920938752
"170",170,3,4,5,5,3,4,2,2,4,4,3,3,3,5,1,1.18719262940903,1.66465281083891
"171",171,3,2,3,1,3,3,4,3,3,2,3,2,2,3,0,-0.130248028449068,6.99230645814858
"172",172,3,2,3,4,3,4,3,3,3,2,2,4,2,4,0,0.689524117894566,0.361139502944323
"173",173,4,3,2,2,5,1,5,3,2,2,3,2,2,3,0,0.333947593889945,0.614445857684784
"174",174,3,3,3,3,4,3,3,4,3,3,4,4,3,3,0,1.59935035093087,1.42960406770481
"175",175,3,3,3,4,5,2,3,4,5,4,5,4,5,4,1,0.524009440396172,1.38717548483789
"176",176,3,4,4,5,5,1,4,5,4,2,2,3,2,3,0,-0.087603979539739,0.181229184193521
"177",177,2,5,5,2,4,3,4,4,2,4,2,4,2,5,1,0.036787029155912,0.356294632200159
"178",178,3,3,4,5,3,3,4,3,2,4,4,4,3,4,0,1.43611583778403,1.70419658189313
"179",179,3,3,2,2,2,3,2,2,3,5,3,3,4,3,1,-0.514697842768973,0.40316213140726
"180",180,2,3,1,1,2,4,3,2,4,4,5,4,4,4,0,-2.59349884953616,1.62991477960718
"181",181,3,1,5,5,5,1,3,3,4,1,2,5,4,2,0,-0.0502163995330023,1.50126906302943
"182",182,2,2,1,3,3,4,4,3,1,3,2,4,4,3,1,-0.357201474636038,1.0514133595608
"183",183,3,2,3,3,3,2,3,3,3,2,2,3,2,1,0,-0.125020532336773,2.69630874993718
"184",184,3,3,4,4,3,3,3,3,4,3,2,2,3,4,0,-0.844568386377618,1.45362430124499
"185",185,1,3,5,4,4,1,3,5,4,2,3,3,4,2,1,-1.14481668932827,4.59038308983343
"186",186,4,3,3,4,5,2,2,3,4,3,3,1,3,4,1,-0.380768072918938,0.865447727747122
"187",187,3,2,3,4,1,4,2,2,2,1,3,1,1,2,0,-0.534972798360496,0.0968226716027387
"188",188,3,5,5,4,3,3,4,1,4,2,2,2,2,4,0,1.35042749114264,0.407314233933182
"189",189,5,4,5,4,4,3,2,2,4,3,4,2,4,2,1,0.671166401269297,0.930294834601626
"190",190,3,4,1,2,3,3,3,3,2,3,4,3,4,3,0,-0.71514543719161,2.2974380772122
"191",191,3,4,3,3,3,3,2,5,3,4,3,4,4,1,1,-1.6149812792195,0.250956407738392
"192",192,1,2,3,2,3,2,2,4,4,2,3,3,3,2,1,0.475163727010161,0.267165487679921
"193",193,4,4,5,3,4,2,2,3,5,4,5,4,5,4,1,1.80037994345221,0.446100549377694
"194",194,2,2,2,2,3,4,2,3,3,3,5,3,3,3,1,1.1614580302085,1.85769937407627
"195",195,2,2,2,3,2,5,3,2,1,2,2,2,3,4,0,0.679113189309747,0.65804828844341
"196",196,2,2,2,2,1,5,1,2,2,2,2,2,3,3,0,0.420200647932328,0.211663701562059
"197",197,2,1,2,2,1,5,2,2,2,3,3,2,4,2,0,0.301324404991928,0.553221007183205
"198",198,2,4,4,3,3,2,3,4,3,3,3,4,4,4,0,0.575600763812507,1.30972116381804
"199",199,4,3,3,4,3,1,4,3,2,3,3,3,3,4,0,-0.831920990717663,8.3582097315196
"200",200,1,2,2,1,1,5,2,1,1,4,3,2,2,3,0,0.877416799332343,0.382811291628656
"201",201,5,5,4,4,4,3,4,4,4,2,3,4,2,3,1,-0.48049629788653,1.3131782712557
"202",202,3,3,1,2,3,2,3,4,3,2,3,3,2,4,1,0.593740962920609,4.27548239608313
"203",203,2,3,3,1,3,4,2,3,2,5,4,5,4,4,1,0.936961847260612,0.931298970896466
"204",204,3,3,3,2,3,4,2,4,4,2,3,3,3,2,0,-1.11920152026655,0.926667057886144
"205",205,3,2,3,2,3,2,2,5,4,2,3,3,3,2,0,1.16267219666008,0.268327264695303
"206",206,3,4,1,3,1,2,2,2,2,2,2,2,2,4,0,-0.400051795664148,1.10168562679624
"207",207,3,2,3,4,4,3,4,1,3,3,4,3,4,5,0,-0.918294237354555,1.7736316199835
"208",208,2,3,2,3,3,2,4,4,4,1,3,3,2,3,1,1.32316612868425,1.13721187316119
"209",209,NA,NA,NA,NA,NA,NA,NA,NA,NA,NA,NA,NA,NA,NA,1,1.07631590664907,3.74729323571154
"210",210,2,4,1,3,3,3,3,3,3,4,4,4,4,1,0,0.804450656101911,0.305046533008987
"211",211,2,1,3,2,2,4,3,1,1,1,3,3,3,3,0,1.61418560677105,0.511056544764109
"212",212,3,2,2,2,2,3,4,3,4,4,4,3,3,4,0,1.79537335505926,0.913694675944704
"213",213,2,3,3,2,2,4,2,2,3,3,2,2,2,3,0,1.73085253039315,0.917790867019906
"214",214,4,3,2,3,3,2,4,2,3,4,3,4,4,4,1,-0.288923246759701,0.116853467845405
"215",215,3,3,4,4,4,2,4,3,3,3,2,2,1,3,1,1.23882281115646,0.409457848997895
"216",216,3,2,3,2,3,3,4,3,3,1,2,2,3,2,1,1.50585969603162,2.9773597784963
"217",217,NA,NA,NA,NA,NA,NA,NA,NA,NA,NA,NA,NA,NA,NA,0,-0.92844093826787,2.7046340446429
"218",218,NA,NA,NA,NA,NA,NA,NA,NA,NA,NA,NA,NA,NA,NA,0,-0.55804871828049,0.882117553143906
"219",219,3,3,1,4,2,3,1,4,4,4,3,2,3,2,0,-0.62255420240001,0.272403604639485
"220",220,4,3,4,3,3,2,4,4,3,3,2,5,2,2,0,-0.522654271812615,6.34493559754996
"221",221,3,2,3,3,3,3,3,3,3,1,3,3,1,4,0,-1.30954401474738,1.26350491604709
"222",222,2,1,2,2,1,5,4,1,1,4,2,2,3,3,0,-0.262769408222547,1.72995324657256
"223",223,2,3,2,3,4,2,3,4,3,4,5,2,4,1,1,0.878085829609667,0.743395445804173
"224",224,5,3,4,3,3,2,3,3,2,3,2,2,5,2,0,0.281753277711103,1.06229867962386
"225",225,2,3,3,3,2,3,4,2,3,5,3,4,4,5,1,0.243052874471334,0.311954714350058
"226",226,3,1,3,2,4,4,2,2,2,2,1,2,1,4,0,-0.720313258240848,0.653277889235581
"227",227,2,2,1,4,3,3,4,2,2,1,3,3,2,3,0,-1.50653498275079,0.501618392367138
"228",228,5,4,4,3,3,4,3,3,4,2,3,2,2,3,0,0.378832200583469,0.283685903116449
"229",229,3,3,2,4,3,4,2,2,2,2,4,2,3,2,0,-0.0215179285505549,2.16715569483661
"230",230,3,5,4,5,3,2,3,5,4,5,3,4,5,3,0,-0.374016813736943,2.03046092186848
"231",231,4,5,3,4,5,2,3,3,4,3,4,3,2,3,1,1.07156189918463,1.6993536615692
"232",232,3,4,4,2,2,2,2,3,3,3,3,4,3,2,0,-0.499826699030314,6.50759291628573
"233",233,4,2,3,2,4,2,3,3,3,4,4,4,3,4,0,0.343180054778121,3.10332602746033
"234",234,1,2,3,2,4,2,2,4,3,4,4,4,3,4,0,0.324980969445635,0.853637206374383
"235",235,3,2,2,4,3,5,4,3,4,4,3,4,4,4,1,-1.01401253055142,1.48235577488036
"236",236,3,2,3,2,4,3,2,4,3,5,4,2,3,2,0,0.478716035859818,0.840299504222038
"237",237,1,2,1,2,3,3,2,4,4,2,4,2,2,3,1,2.08933278902228,3.93085499568721
"238",238,3,3,2,3,4,4,2,3,3,1,2,2,2,4,0,0.423149526345248,0.609078759856966
"239",239,4,3,2,2,3,4,4,2,2,3,1,4,2,3,1,0.645323139617115,2.65531277704653
"240",240,3,3,4,3,3,3,3,3,3,4,3,5,4,3,0,-0.165895074359165,0.243245500356374
"241",241,2,3,3,2,4,2,2,3,3,2,3,2,1,3,0,0.392870161333818,1.60248920840879
"242",242,2,3,2,3,3,3,2,3,3,3,3,2,3,3,0,0.393037324173166,3.76860653973565
"243",243,3,2,2,3,3,2,2,4,3,3,2,2,1,3,0,0.299569678409329,0.205875824289278
"244",244,3,3,3,3,3,2,1,3,4,2,2,2,3,2,0,-1.00951870525428,7.06810486533339
"245",245,3,5,5,3,4,1,5,4,3,2,3,4,1,4,1,0.0621092288971952,2.6689520194045
"246",246,2,3,5,2,1,5,4,2,2,1,1,1,2,4,1,-0.618456484695437,0.320627025930001
"247",247,3,3,3,3,2,5,2,3,2,2,3,2,3,4,1,-0.0745285325004839,1.28244269989922
"248",248,2,3,3,2,3,3,2,3,2,2,2,3,4,3,1,-0.958754961942596,7.17452665198172
"249",249,2,3,2,3,3,3,2,4,3,5,3,4,4,3,1,-0.873764344838701,0.817660783201841
"250",250,2,1,3,3,2,5,3,2,2,2,3,4,2,1,1,2.79719318216174,0.283587494205629
"251",251,4,3,4,2,3,2,3,4,4,5,4,4,5,4,0,-1.72529809145051,1.76495947759516
"252",252,3,4,3,4,3,3,3,3,2,3,3,3,4,4,0,-0.149507899562124,1.73120087326783
"253",253,3,3,3,4,2,4,2,3,1,2,2,2,2,2,0,-0.0979844622239984,0.443704115628651
"254",254,4,4,3,2,5,2,2,5,5,2,5,5,2,1,1,1.82963052572235,2.55045314946914
"255",255,2,4,2,4,5,2,2,4,3,3,3,3,3,4,0,-1.08149659890273,3.94887049408686
"256",256,4,4,4,3,4,1,3,4,4,4,2,3,3,2,1,-2.13162241545097,0.406404867523637
"257",257,4,5,4,4,3,3,3,5,3,3,4,3,4,3,0,-0.996431087663077,0.286823817275375
"258",258,4,3,3,3,5,2,2,4,3,2,2,3,4,4,0,0.935104916637968,2.78800943121647
"259",259,3,4,4,3,5,1,4,4,4,1,3,2,2,4,0,-0.791324068975428,3.14308835914545
"260",260,3,4,2,3,4,3,4,4,4,3,4,5,4,3,0,0.025774438721913,0.627626822526963
"261",261,2,2,5,3,3,3,3,4,2,3,2,3,3,3,0,-1.17173973665322,1.4705706230362
"262",262,4,3,3,4,3,4,4,2,4,2,1,3,3,3,0,2.87075318661422,0.487083586959027
"263",263,3,3,4,3,2,2,4,2,3,4,3,3,1,2,0,0.47570557851885,0.723270946759137
"264",264,2,3,2,3,3,3,3,4,2,2,3,2,3,2,1,-1.25794449142314,0.544146250428396
"265",265,2,2,2,2,3,2,3,3,4,3,4,2,3,3,0,-0.30290622899735,1.72722713686131
"266",266,3,2,2,2,1,4,4,2,2,3,3,1,3,4,1,-2.02622507383006,0.733013431668548
"267",267,5,4,4,4,5,2,2,5,4,3,3,2,3,3,0,-1.6029441585705,2.23883356840453
"268",268,3,3,2,3,4,4,4,4,3,1,2,2,1,2,0,-0.789772928800975,0.355342276398241
"269",269,3,2,3,4,5,2,3,4,4,4,2,3,2,4,0,1.48248479429335,1.71865870938342
"270",270,3,2,4,4,3,3,2,2,3,2,1,2,2,4,0,-0.0794761492203769,1.28347608430551
"271",271,3,2,3,3,3,3,3,4,4,4,4,3,5,5,0,1.0027611617904,1.31298720603296
"272",272,3,4,3,3,2,4,3,1,3,1,1,2,2,3,1,-0.471050683679217,1.16629525354988
"273",273,2,3,2,2,3,4,4,2,4,2,4,4,3,2,1,-1.67408243066765,0.227832982509778
"274",274,3,2,2,2,3,4,3,2,1,2,2,4,4,3,0,-1.34466568755187,0.831271150224885
"275",275,3,2,4,1,1,4,4,3,2,3,4,4,3,3,0,-1.09220063969132,0.549823434964746
"276",276,3,2,3,2,1,5,3,2,3,3,3,3,3,2,0,-0.0905341464422709,1.99572590107659
"277",277,3,3,3,2,4,1,4,3,4,3,3,4,4,4,1,-1.83314859332924,0.947987892872362
"278",278,4,2,3,3,4,3,4,4,4,4,3,3,3,2,1,-1.16073724319495,0.11790771421292
"279",279,3,3,2,2,3,4,3,4,2,2,3,3,1,2,0,0.172337339348466,0.320457181515459
"280",280,4,4,3,3,4,1,4,4,4,4,2,2,2,2,1,-0.739303522700114,0.4355272267453
"281",281,2,3,2,2,4,2,2,4,4,3,5,4,4,3,1,-1.07936036435177,1.19495070967934
"282",282,1,2,2,3,2,5,3,3,3,3,2,3,4,3,0,-0.0478741989470956,0.972438043170979
"283",283,4,5,5,4,4,2,3,3,3,3,1,3,2,4,0,-0.373658907392964,0.386438263727012
"284",284,3,3,4,3,3,3,3,2,3,3,2,2,1,4,0,-0.55309032724957,7.74664644165515
"285",285,4,5,4,4,4,1,3,4,4,2,2,3,3,3,1,-0.802478172112591,2.9793062224378
"286",286,3,3,2,3,3,4,4,3,2,2,3,2,1,3,0,-0.0416950533087678,1.13783166934909
"287",287,4,4,4,4,4,1,2,3,3,1,3,1,1,4,0,-0.308801153525226,5.25320259346044
"288",288,3,4,4,3,1,3,1,2,1,3,3,4,3,3,0,0.948191723851063,0.464710955319582
"289",289,4,3,4,2,1,4,1,3,3,2,2,2,2,5,0,-0.597785029770343,1.02555724228616
"290",290,3,2,3,2,3,5,4,1,3,2,2,3,3,3,0,-0.633429765910432,0.178777380498661
"291",291,4,2,3,4,4,4,4,2,4,3,3,4,3,2,0,0.038148761972087,6.0830040879696
"292",292,3,3,3,2,3,2,2,4,3,2,4,4,3,3,1,-0.966127579437763,0.993380552979203
"293",293,2,2,3,3,3,4,4,3,2,4,2,2,3,1,1,0.389689318423964,0.816218584079706
"294",294,3,3,2,3,2,3,4,1,3,3,2,3,2,5,0,1.67569059609494,1.90011159025087
"295",295,2,2,1,3,3,3,1,1,3,1,2,2,2,1,0,-0.263789121612382,0.98116042224993
"296",296,3,2,3,2,3,3,1,2,3,1,2,3,4,2,0,-0.0381350512415377,2.81566934330867
"297",297,3,3,3,4,3,4,4,2,2,3,4,3,3,2,1,-0.30596127174359,0.33298458358231
"298",298,3,2,3,3,2,5,3,3,3,3,5,3,5,5,1,1.40957719387224,0.406583246275973
"299",299,4,3,4,5,4,2,4,5,3,4,4,2,3,3,1,1.0224024530912,0.995833341954398
"300",300,4,3,2,3,3,4,4,3,3,1,1,2,1,2,0,-0.00145808945374919,0.759723921289987
"301",301,5,4,5,2,5,2,2,4,4,2,3,4,3,4,1,0.530255596820907,0.604164321167892
"302",302,4,4,3,4,4,3,3,3,3,4,4,4,3,3,0,2.73674716137311,1.91327085949354
"303",303,2,3,2,2,3,2,1,3,3,4,5,5,5,1,1,-1.25567674899957,0.551084270576758
"304",304,3,1,2,2,1,4,2,2,2,2,2,3,3,3,0,0.650665849844594,1.39262382834327
"305",305,1,2,3,2,2,4,2,3,1,3,3,4,4,3,0,-1.35734084160235,0.475925341484984
"306",306,3,3,1,2,5,2,1,4,4,4,5,3,4,3,1,1.29598440283118,1.71257421250178
"307",307,3,4,3,4,5,1,3,4,3,4,4,4,4,4,1,-0.31028705362802,1.31639334280106
"308",308,5,5,4,3,4,3,2,3,3,3,3,2,3,2,1,0.264942926664938,0.588004744251118
"309",309,4,3,3,3,5,1,3,5,4,2,1,2,3,1,1,0.41732843931976,1.3555325201098
"310",310,5,4,4,4,4,2,4,4,3,3,3,1,2,2,0,-0.669946138371567,0.449791704309687
"311",311,NA,NA,NA,NA,NA,NA,NA,NA,NA,NA,NA,NA,NA,NA,0,-0.679750881203983,0.580073498074189
"312",312,3,4,3,4,2,4,3,3,2,3,3,4,3,2,1,2.01910593761331,1.96795307265291
"313",313,4,3,3,3,3,3,4,1,4,3,4,3,3,5,0,-0.470743488556767,1.63912344197079
"314",314,3,3,3,3,2,4,4,2,2,2,2,3,2,4,0,-0.875380501041442,1.50087179727716
"315",315,5,5,5,5,1,5,5,1,2,5,5,5,5,5,0,0.714294398590589,62.0275534454139
"316",316,4,4,2,5,4,2,3,3,4,4,4,3,4,4,0,-0.126462636622387,0.653555007755888
"317",317,5,5,4,3,4,2,3,4,4,1,3,4,2,4,1,0.796930798938374,0.520360135811869
"318",318,3,3,2,2,3,2,2,3,3,2,3,3,4,4,0,-0.209239603285314,1.20308430335703
"319",319,3,4,3,4,4,1,3,4,3,2,4,4,4,4,1,-0.447926711349091,0.426693553823685
"320",320,3,1,3,3,3,4,4,3,3,4,4,4,4,3,1,-0.167928498949483,0.54203942928008
"321",321,2,1,3,2,2,5,2,2,2,1,3,1,1,4,0,-0.61283833586874,0.758704438421297
"322",322,3,3,2,4,2,3,3,2,2,3,2,3,3,3,0,-0.589434984060128,1.25752060475085
"323",323,1,2,3,3,1,5,4,1,1,1,3,2,2,3,0,1.5092198981746,0.13996804488118
"324",324,3,1,3,3,3,3,3,4,4,2,3,3,3,4,1,0.568237530149259,2.2454606779517
"325",325,3,2,1,5,2,2,4,2,3,2,4,3,3,4,1,-0.00247741214890168,0.314261096686621
"326",326,2,1,2,3,1,3,3,3,3,3,2,2,2,2,1,-0.500992368904887,0.939541486935919
"327",327,3,3,4,4,3,3,3,2,4,3,4,3,5,3,1,-0.0741983271508754,1.18220649239755
"328",328,2,2,5,3,2,5,2,3,3,3,3,4,3,2,0,-0.909183013894351,0.830092699536021
"329",329,1,4,5,3,5,3,2,5,2,5,5,1,2,1,1,-1.18941659369077,0.821601964320014
"330",330,4,3,2,4,3,3,5,2,3,3,3,3,3,5,1,-0.96631605293847,1.57382609313696
"331",331,4,3,3,3,4,2,2,3,3,3,1,2,3,2,0,0.000771766028034818,0.88353082140023
"332",332,2,1,2,1,1,4,3,1,2,3,3,4,4,3,1,-0.141775360179536,6.73436057890334
"333",333,4,2,3,4,3,3,3,2,2,4,4,3,3,4,1,-0.954245632581689,0.400647976476216
"334",334,3,3,3,4,3,2,4,3,2,4,3,3,3,4,0,0.510649197450966,0.924029846101649
"335",335,2,3,3,5,4,3,2,2,4,4,2,4,3,3,1,-0.117107336818682,0.562104226243867
"336",336,5,3,3,3,2,3,4,3,3,4,3,4,3,2,1,1.50475396247084,2.17102079323612
"337",337,2,3,4,3,3,3,2,4,3,2,3,3,3,4,0,1.66695677168153,0.709687431743498
"338",338,2,2,1,2,4,3,4,4,2,4,5,3,3,4,1,-0.438116533482488,3.85249748449922
"339",339,3,2,3,2,5,2,2,4,4,3,4,4,5,4,0,1.75030515813625,15.7135385510495
"340",340,2,4,3,3,3,3,2,1,5,2,3,5,4,4,0,0.0227258037833536,2.47368436688709
"341",341,4,4,2,2,3,2,2,3,2,5,5,5,5,3,1,0.24241871382687,0.240788746801376
"342",342,3,4,3,5,4,2,2,4,3,4,5,4,2,4,1,-0.455424867360641,1.46784529071791
"343",343,3,2,3,3,3,4,2,2,2,4,3,4,4,3,1,-0.195236470398642,1.56289039816104
"344",344,1,1,2,1,1,4,4,1,1,3,3,2,3,3,1,-0.259053156149302,1.22020273695389
"345",345,4,3,4,4,3,2,4,4,4,3,2,4,4,3,0,-1.73919306572441,0.873557519358881
"346",346,3,3,3,4,4,2,4,3,3,3,4,3,2,4,0,-1.64274970980078,1.17619858231797
"347",347,3,3,4,4,2,3,2,2,4,2,2,1,3,3,0,0.206668269074527,2.0949793490577
"348",348,4,2,2,2,2,3,3,3,2,2,1,4,3,3,0,-0.274647374709364,1.67438838844702
"349",349,4,3,2,3,1,5,1,3,2,2,3,3,3,4,0,-0.501485150540999,1.48691871732666
"350",350,3,2,2,3,3,2,2,4,3,5,5,5,5,3,0,-1.24919622929768,0.370485103287682
"351",351,2,4,2,4,3,4,4,2,3,4,4,4,4,4,1,-0.7785057028536,0.21082500629819
"352",352,2,3,3,2,3,4,3,1,1,2,3,3,3,3,0,0.311234930566519,0.364498356203867
"353",353,3,4,3,3,5,1,1,4,4,4,3,3,2,4,1,-0.493347306586368,0.423705105400632
"354",354,2,2,2,2,4,3,1,3,4,3,2,3,4,3,0,0.782718755473133,0.66668015256314
"355",355,4,3,2,4,2,2,2,2,3,2,3,3,3,2,0,2.50267032456111,0.491625358396011
"356",356,2,2,3,2,4,2,3,4,4,3,5,3,4,3,1,-0.429206921369426,3.45221431262809
"357",357,2,3,3,2,2,3,3,2,2,2,3,2,4,2,0,-0.600416566136118,5.50947843585737
"358",358,3,3,3,3,2,3,3,3,3,4,2,3,2,4,1,0.160816910460963,0.647086061702441
"359",359,3,3,3,3,3,3,4,2,2,2,3,2,2,5,0,-0.192152355123944,1.96737176301737
"360",360,3,4,2,3,2,3,3,4,3,3,3,4,3,3,0,0.909510634371565,0.238133058728609
"361",361,2,2,3,2,2,4,4,1,2,3,3,2,2,3,1,-1.14502617062499,0.66844708160758
"362",362,5,3,3,4,1,3,4,1,3,2,1,1,1,3,0,-0.230590932139305,1.74710040544099
"363",363,4,2,3,3,3,2,2,3,4,1,2,2,2,3,1,0.752868254644868,6.37419785569602
"364",364,3,5,3,3,3,4,3,4,3,2,2,4,3,5,1,-1.08581680990715,5.34821808469009
"365",365,3,3,3,4,3,3,4,3,4,4,3,4,4,4,1,1.03324167113328,0.768047245505143
"366",366,3,4,3,3,5,3,3,4,2,3,2,4,3,4,1,1.09130339523359,1.23781271940819
"367",367,NA,NA,NA,NA,NA,NA,NA,NA,NA,NA,NA,NA,NA,NA,1,-1.43559310562047,0.200291875180841
"368",368,4,4,3,3,4,3,3,4,3,4,3,4,3,3,0,0.199373796907669,0.799657642188042
"369",369,2,2,3,2,3,2,3,4,3,4,3,3,4,4,1,-0.0122059517710177,0.138974178062924
"370",370,3,3,3,3,4,4,4,3,3,4,4,4,4,3,0,-0.615112184404083,1.28415549579702
"371",371,3,2,2,3,4,3,4,2,3,5,3,2,3,3,1,0.84461623163353,0.618529520172455
"372",372,4,3,3,3,3,3,4,3,3,1,4,3,3,4,1,-2.37915360112618,0.291352999845158
"373",373,2,3,2,3,2,3,2,3,3,3,4,3,3,4,1,-0.696931662635741,3.65642955690975
"374",374,4,4,4,3,3,3,1,4,3,2,2,2,2,3,0,-0.354235329105895,0.865197568833517
"375",375,5,4,3,5,3,3,4,4,1,2,2,3,5,1,0,1.29147365056503,1.08494362626091
"376",376,2,3,3,1,2,5,3,1,1,2,2,3,2,3,0,0.755648205407182,0.560795798290891
"377",377,4,4,5,4,3,3,3,2,2,3,2,3,1,2,0,-0.659067464265484,0.466661692765647
"378",378,4,2,3,3,3,1,4,3,4,2,2,1,3,2,1,0.987064997418928,0.559465504401142
"379",379,5,5,4,2,5,1,3,4,4,3,4,5,5,2,1,0.292899435813255,2.36234041106596
"380",380,4,2,3,2,3,4,4,3,4,2,3,3,4,2,0,2.28778601357697,0.959302062690882
"381",381,4,3,5,3,2,4,1,2,4,2,4,3,2,3,0,0.292364835296489,4.31306997974362
"382",382,3,4,3,4,4,4,4,4,4,3,4,3,4,2,0,-0.867509186249289,2.21249699982443
"383",383,3,5,4,3,3,3,2,3,3,5,5,4,4,3,1,-0.519522270532262,1.94537109461587
"384",384,3,3,4,3,2,3,4,4,3,2,3,3,2,2,0,1.54036205786677,0.289996713807924
"385",385,4,4,3,3,2,4,2,3,2,3,3,3,5,3,1,-1.49523674776588,1.96613711747922
"386",386,2,3,3,3,3,3,2,2,2,3,4,2,4,2,1,1.42566156267361,0.459351120952277
"387",387,3,1,2,3,4,4,4,3,2,5,4,3,2,2,0,0.311124246723706,0.351284582232113
"388",388,2,5,3,2,2,5,4,3,2,4,4,2,3,4,0,0.0194240907747034,7.43235444025257
"389",389,3,2,4,3,4,2,4,5,3,4,4,3,4,4,1,1.06947119295208,0.876860415351194
"390",390,2,4,2,3,3,3,4,3,2,3,3,3,4,3,1,-1.48779079433853,0.44476511036101
"391",391,3,1,2,2,3,2,3,5,4,4,5,3,4,3,1,-0.344834392608529,3.32409649151444
"392",392,4,3,3,5,2,2,1,5,4,3,3,2,4,3,0,-0.484068060104992,0.51939054209286
"393",393,3,4,4,4,4,4,4,4,4,3,3,4,1,4,1,-0.765170764709585,1.83097546616526
"394",394,3,3,2,3,4,2,3,3,4,2,2,2,3,4,0,0.0586626998273905,0.790232356743567
"395",395,4,4,4,3,3,3,3,3,4,2,2,4,3,3,0,-1.51028066193795,1.1128176513748
"396",396,3,3,2,3,4,2,3,3,3,4,3,3,2,3,1,-1.92208238155434,2.77549686845625
"397",397,5,4,3,2,3,1,3,4,1,5,4,1,1,4,1,0.682411898426538,3.53129449528088
"398",398,3,2,3,3,1,3,2,2,2,3,4,5,5,3,1,-0.0123761685742341,0.99603303149165
"399",399,4,3,3,4,4,1,4,4,3,2,2,3,2,4,1,1.88472914512309,2.06303447314375
"400",400,2,2,3,2,4,2,3,3,3,3,4,4,3,3,1,0.00863102392352198,0.594307898500092
"401",401,3,3,2,2,2,4,1,3,2,3,1,3,2,2,1,1.04349662813554,3.30270161637453
"402",402,1,1,2,2,2,4,4,1,1,3,3,3,1,2,0,-0.633608045395146,1.56994139500345
"403",403,5,4,5,5,3,2,4,2,3,2,3,2,2,2,0,-0.882939675976793,0.542590251036429
"404",404,3,2,3,2,3,4,3,2,3,3,4,2,2,1,0,0.645714714457579,0.355005840865371
"405",405,3,3,3,2,3,4,3,2,3,4,3,4,3,2,0,0.704522714683318,0.746798739877899
"406",406,2,2,3,3,3,4,4,4,3,2,3,4,3,5,0,-0.857345265728238,0.264300998497736
"407",407,3,3,4,3,3,1,2,3,4,4,5,5,3,4,0,0.771452463006491,1.1190826802713
"408",408,3,5,3,3,2,3,2,3,3,4,4,4,5,3,0,0.153511527968432,0.995713326076473
"409",409,3,3,5,4,4,2,3,5,4,3,1,2,3,3,1,0.489549377806729,0.754478712056871
"410",410,1,3,2,3,1,3,3,2,2,1,2,2,1,1,0,1.94077534855724,2.21133723359348
"411",411,4,4,3,3,4,4,3,3,3,2,2,3,1,1,1,-0.965259748702329,7.67114201786832
"412",412,4,4,5,3,4,1,3,4,3,4,3,4,3,4,1,1.05073691142908,0.276376854524263
"413",413,3,2,4,4,3,4,1,2,2,3,3,4,2,2,0,0.378503643699092,5.16294693474079
"414",414,4,2,3,5,2,5,2,3,2,3,2,2,2,3,1,-0.340125126085136,0.191073329734301
"415",415,2,3,3,2,3,4,4,2,3,3,4,2,3,3,0,0.939558048685133,0.902450880277954
"416",416,1,2,1,2,2,3,2,1,3,3,3,2,1,3,1,-0.270206950899131,0.249856659991168
"417",417,4,5,5,4,3,1,4,4,2,3,3,3,3,1,0,0.413959469702278,0.782480352818344
"418",418,3,2,3,1,3,3,2,1,2,1,3,2,1,2,0,0.140875277418186,2.01044571980192
"419",419,5,3,3,4,4,2,4,4,4,3,2,1,2,4,0,2.55130939638523,0.56216671995645
"420",420,2,1,2,1,1,4,4,1,2,3,5,4,4,2,1,-1.18630820789184,0.727306726887206
"421",421,4,5,5,5,5,3,3,4,4,3,4,4,4,2,1,0.0529668088638078,2.55724281807454
"422",422,2,4,4,3,5,4,2,2,4,2,4,2,2,4,1,-1.55662235788744,0.7731771199079
"423",423,3,3,4,3,3,2,3,4,4,4,4,4,5,1,0,1.03631311817584,0.306346845691324
"424",424,5,3,3,5,4,2,3,4,4,3,5,3,4,4,0,-0.0757681013740719,2.23832640408133
"425",425,4,5,4,3,5,1,4,5,4,4,3,3,5,3,0,1.20116853714725,1.86287393841978
"426",426,2,3,4,5,3,3,2,3,3,3,4,3,5,4,1,0.0546001915983272,0.793065250197547
"427",427,3,4,2,3,2,4,4,2,3,2,2,2,2,3,0,1.04980095463052,1.13144357086294
"428",428,4,3,2,5,3,2,3,3,3,3,4,2,2,2,0,0.0599102815658049,4.36113449303279
"429",429,2,3,2,2,2,5,2,4,3,3,4,2,2,3,1,-0.591196029567432,0.343598060762471
"430",430,2,4,2,3,2,2,2,3,3,1,2,1,1,5,0,1.91226309135142,1.93759743368134
"431",431,3,3,3,5,3,4,2,3,3,3,3,3,4,2,0,0.398014169525298,2.25765779352053
"432",432,5,4,4,2,3,4,2,3,2,3,2,2,2,3,0,-1.8105212683738,1.17005743818098
"433",433,2,2,3,1,3,5,4,3,3,3,3,5,3,2,1,1.04684308100758,0.461546013705085
"434",434,3,3,1,2,3,3,2,4,3,3,2,3,2,2,0,0.563029483304816,1.56967676249743
"435",435,3,3,3,5,3,4,2,3,4,4,4,5,4,3,0,0.713263569249,2.2046976353493
"436",436,4,3,4,3,3,3,1,4,2,5,4,3,4,3,1,1.11719811392175,1.20121662995844
"437",437,2,1,2,1,1,3,3,2,3,3,4,4,5,2,0,-0.553580310250115,0.542621609372259
"438",438,5,5,5,5,1,5,5,2,2,5,5,5,4,5,0,0.103125793103401,37.9047925404991
"439",439,2,3,3,3,3,4,4,2,3,4,5,3,4,5,1,0.749745081265119,0.338152312599929
"440",440,4,4,4,4,3,4,4,3,3,3,4,1,2,2,0,-0.985257084591053,1.12202286875374
"441",441,2,3,2,1,3,2,2,4,4,5,4,5,4,2,1,2.48827191459488,0.869314582653099
"442",442,3,1,2,2,4,3,4,3,4,3,3,4,2,2,1,1.8552227185591,1.95031999001334
"443",443,5,4,4,5,3,2,4,4,2,2,3,3,3,1,1,0.00659132630597673,0.926167520670715
"444",444,4,3,4,4,3,3,3,3,2,4,3,4,2,3,0,-0.0393220731917608,0.339289838638278
"445",445,3,1,3,2,3,3,4,3,3,3,3,3,2,3,1,0.704401937874591,0.314593302036257
"446",446,5,4,5,4,4,2,4,4,4,3,4,4,5,2,1,-0.746677648744896,1.43646270587563
"447",447,3,3,4,3,3,2,4,4,3,3,3,4,3,4,0,0.637350159267584,2.27582882458721
"448",448,3,3,3,3,3,3,4,3,3,3,3,4,4,4,1,0.91409353892502,0.336368110539126
"449",449,4,2,4,3,3,2,4,4,4,3,3,4,4,3,1,-0.424262050977058,0.66288885209821
"450",450,2,3,1,3,1,3,3,3,2,5,3,4,2,3,1,-0.671088177415843,0.45084920840232
"451",451,3,3,3,5,3,3,3,3,3,4,4,2,3,3,1,-1.2483014174554,0.796564396154676
"452",452,3,5,4,5,3,1,2,5,4,1,2,2,2,3,1,1.46941358137782,1.51833639522678
"453",453,3,3,3,4,3,3,4,3,2,4,3,3,4,3,0,1.19284296704172,1.32355385470184
"454",454,2,3,3,2,4,2,3,3,2,1,3,2,2,3,0,-0.952607204097781,0.66445577727997
"455",455,3,5,3,5,3,5,3,3,3,3,2,2,3,3,0,0.654666732516952,2.6954517678622
"456",456,3,3,3,4,4,3,1,4,3,5,3,3,2,2,1,0.15727127702046,1.14131352734204
"457",457,3,4,4,2,3,3,4,2,3,5,4,4,5,3,1,0.868986109082598,0.76333376814096
"458",458,3,3,4,3,3,3,4,3,3,2,3,4,3,2,1,-0.378990317122361,0.499268889324926
"459",459,4,5,4,3,3,3,3,3,3,5,5,5,5,4,0,0.857197655495565,0.782098185558538
"460",460,3,2,4,2,3,3,3,3,2,2,2,3,1,2,0,0.381393579788143,1.56142319616381
"461",461,2,4,5,3,3,2,4,2,4,2,3,2,3,4,0,2.75904088329598,2.0410652089907
"462",462,3,3,3,3,2,5,2,2,1,3,3,2,3,2,1,-0.629210349412029,2.26097775036005
"463",463,4,5,3,3,3,4,4,2,4,3,4,2,4,3,0,-0.40309341054222,0.418422387850446
"464",464,3,5,4,4,3,3,4,4,4,2,2,3,2,3,0,-2.18711889494888,8.35859343879609
"465",465,3,2,3,1,4,3,2,3,3,3,3,4,4,3,0,0.388144498196906,0.334285241433772
"466",466,3,3,3,3,2,4,3,4,2,3,4,3,2,3,1,0.768288176006947,0.371372514379593
"467",467,3,3,3,3,1,3,4,3,3,3,3,3,3,3,1,-1.9412045223319,1.3785744927536
"468",468,2,3,3,1,4,3,4,1,3,4,3,3,3,2,1,0.48143115952706,0.371894273053877
"469",469,2,2,2,4,2,4,2,3,3,3,3,2,4,3,1,-0.280337784844944,0.737774946026383
"470",470,1,4,2,3,1,4,3,3,3,2,2,2,2,4,0,-0.46291083745737,0.28444377933541
"471",471,4,3,5,4,3,2,4,5,4,4,3,4,4,3,1,-0.809041756989942,1.54599749654321
"472",472,4,3,5,4,4,1,3,4,4,2,4,4,2,3,1,-1.77031571897395,0.649297448226368
"473",473,5,5,4,4,1,4,4,1,1,5,5,5,5,5,1,-0.0644180356910821,251.713857942282
"474",474,5,4,5,4,4,4,4,3,4,3,3,3,3,2,1,-1.25537383101377,0.208910783281546
"475",475,5,4,2,3,5,1,1,5,4,4,5,4,5,3,0,0.119251130992872,1.59726223623979
"476",476,3,2,1,1,2,4,4,1,3,3,2,2,3,3,1,-0.531430349433952,2.3790775531882
"477",477,3,3,4,3,2,2,5,4,3,3,4,4,3,3,1,0.576432248754704,1.60615411618921
"478",478,3,2,2,2,4,2,2,2,4,3,3,2,4,3,0,-0.418812399177635,0.565697076276966
"479",479,3,5,3,3,4,2,2,5,4,3,3,2,3,4,1,0.778038885006229,0.395254827260714
"480",480,5,5,5,4,3,5,2,4,2,4,5,1,4,5,0,0.536777655961757,0.509789189345999
"481",481,3,4,4,4,3,3,4,3,2,2,4,4,3,3,0,1.50694125323875,2.2705178038683
"482",482,1,3,3,3,3,4,4,4,4,3,3,3,2,3,0,-0.827409016974038,5.36962871326911
"483",483,3,2,3,2,3,2,2,4,4,3,2,4,3,3,1,0.338286814003349,0.707696974012195
"484",484,3,3,4,4,5,4,2,4,4,3,4,5,5,1,1,0.18851324530149,1.36139375034371
"485",485,3,3,2,3,3,4,4,2,1,2,2,2,3,3,0,0.404197933127531,1.41075728916539
"486",486,2,4,2,4,4,4,4,2,2,2,3,2,4,3,0,1.80307401706829,0.346552657984108
"487",487,2,2,2,1,3,3,3,3,2,5,5,5,5,4,1,0.809877222814114,1.2591942062102
"488",488,3,4,3,3,2,4,2,2,2,1,3,3,2,3,0,0.196456534377668,1.61534259639234
"489",489,4,3,3,4,4,2,4,2,2,4,4,4,4,2,1,0.579323033290524,0.13457990800945
"490",490,4,4,3,4,4,2,2,3,4,4,4,2,5,3,1,-1.1858110408214,1.15594379666
"491",491,3,4,3,2,4,1,1,5,3,2,2,2,1,2,0,-1.3844732588584,2.09115363151651
"492",492,5,5,5,5,1,5,5,2,1,5,5,5,5,4,0,-0.948484746214971,17.7049854567165
"493",493,2,4,4,3,4,2,4,4,3,5,4,2,5,4,1,1.46342468172921,1.07994514317317
"494",494,3,3,4,2,3,3,3,3,2,3,2,2,2,2,1,-1.30749893832772,5.00879711085546
"495",495,2,2,2,2,2,2,3,4,3,3,3,3,5,4,1,0.567303030373994,1.44162666732829
"496",496,5,2,4,3,4,2,3,3,3,2,3,2,2,5,1,-0.171921486532305,0.52342482566606
"497",497,3,4,3,2,3,5,3,2,2,4,3,4,1,4,0,1.0728053299399,0.58049969645842
"498",498,5,4,4,4,3,4,4,5,3,4,5,4,4,3,1,-1.01887374233256,1.50531135646213
"499",499,5,5,4,4,3,3,2,3,4,3,3,4,4,2,1,-0.0963238958908816,0.56034525837322
"500",500,4,3,4,4,2,4,4,3,2,4,3,4,3,3,0,0.124187217208524,1.12757357839145
"501",501,3,3,5,3,3,3,2,4,3,2,3,2,4,3,1,0.217561811954008,0.402229355053467
"502",502,5,2,3,5,4,3,4,3,4,2,2,4,3,5,1,-0.27359758743302,1.93200131196611
"503",503,2,1,2,3,2,3,2,3,2,3,2,2,3,4,0,1.49457865616733,11.3119831793057
"504",504,1,1,2,2,1,4,2,3,2,3,3,3,3,2,1,1.36767166164893,0.480095179165291
"505",505,3,2,3,2,3,3,4,3,1,2,3,3,3,4,0,1.86614450707713,0.932720348092188
"506",506,3,4,3,3,4,3,3,3,3,5,4,4,5,4,0,0.117462269316962,0.888903010808314
"507",507,4,2,1,2,1,4,2,1,2,1,2,1,3,4,0,-1.70448996400032,1.05729616043029
"508",508,4,3,3,3,2,4,2,3,2,1,2,2,2,3,0,0.521131540929225,0.872490107217268
"509",509,2,2,4,2,4,3,3,2,3,5,5,4,4,4,1,0.0668218971061898,0.601733110999601
"510",510,2,2,3,3,4,2,2,3,4,2,1,3,3,2,1,-1.02698910925289,0.470856380822522
"511",511,1,1,1,2,1,4,2,2,2,2,3,3,3,4,0,-0.67271981357892,0.167113939193722
"512",512,4,4,4,4,3,3,2,2,3,3,3,2,3,3,0,-0.521978390860275,0.600917965991785
"513",513,3,3,3,4,3,3,3,3,3,2,2,3,2,4,1,-1.74963359483106,3.44292296681354
"514",514,4,4,5,5,4,3,3,3,4,3,3,3,3,4,0,0.267076201305149,0.35638597083589
"515",515,3,3,4,4,3,3,1,4,3,3,3,3,2,4,1,-1.72289582006561,1.51814137738097
"516",516,4,3,4,3,3,2,3,4,4,3,3,1,2,5,0,-0.395871102178812,0.594880993123287
"517",517,4,3,3,3,4,1,1,4,3,4,3,4,4,1,1,0.800710053028041,0.523579786447887
"518",518,2,3,3,3,3,4,4,4,2,2,3,2,3,2,0,0.28115908874333,1.76544106956312
"519",519,1,1,5,1,4,2,4,2,5,3,4,5,5,4,1,-0.632500726496316,0.263350764897711
"520",520,3,4,3,3,4,3,3,3,4,4,3,3,3,3,1,0.298324323214851,1.12593398323798
"521",521,4,4,2,2,2,3,3,2,1,2,2,1,2,2,1,-1.16027333303167,0.822585062684215
"522",522,2,1,3,3,1,5,3,1,2,2,2,2,1,3,0,0.305006755485187,32.150088030427
"523",523,3,4,2,4,2,2,4,2,2,4,5,4,3,2,1,-1.35641295300693,0.380394324992783
"524",524,4,4,3,3,2,3,4,2,3,3,2,3,2,3,1,0.131394895909832,0.102942023042535
"525",525,3,3,3,3,3,3,4,3,2,3,3,3,3,2,1,0.559299586501834,0.797064814111579
"526",526,3,1,3,2,3,3,3,2,2,3,5,3,2,3,0,-1.11455643492182,0.259115506606271
"527",527,4,2,3,4,5,3,4,4,4,4,4,4,5,3,1,1.64016184382949,0.391608191223971
"528",528,2,1,3,1,1,4,3,2,2,4,5,5,5,4,1,-0.946952958355055,1.32237189605426
"529",529,3,3,4,2,3,2,4,5,4,4,3,4,3,3,1,-0.251744112789976,1.00340785868118
"530",530,3,3,3,3,3,4,3,3,4,2,3,1,2,2,0,0.038622357020201,0.659518039204489
"531",531,3,3,4,3,2,3,4,3,2,3,4,4,5,4,1,0.876964883998699,2.56269522077557
"532",532,2,4,3,2,5,2,3,5,4,4,1,3,3,4,1,-0.343030476395012,5.47979180763575
"533",533,3,3,3,3,4,2,3,3,3,4,3,2,3,2,0,0.165626544773539,2.16291349999087
"534",534,3,1,3,3,3,2,1,3,4,4,5,5,3,2,1,1.24614332362617,0.949970374815308
"535",535,4,3,4,3,5,3,3,4,3,2,3,3,3,2,0,-0.390003604050084,2.02623299756865
"536",536,4,2,3,2,3,3,2,2,3,3,3,2,3,3,0,-1.89970536339508,5.94324308749624
"537",537,3,3,2,2,2,4,3,1,3,1,3,5,3,3,1,-0.851785874531404,0.693387779333535
"538",538,2,3,3,2,4,2,2,4,4,2,1,1,1,3,0,-1.36910011225035,0.188127021018757
"539",539,3,3,4,2,3,4,2,2,3,5,4,4,4,5,1,-0.625477804947714,0.184373624764248
"540",540,5,5,4,4,5,2,3,4,3,3,3,3,5,2,1,-2.59233238268204,14.4409936069361
"541",541,5,2,4,3,2,3,3,4,3,5,3,5,3,4,1,-0.465608341030103,0.281857972436677
"542",542,1,3,1,1,3,4,3,1,1,2,3,2,3,2,0,0.0547552452657497,1.01636011683353
"543",543,3,2,2,3,3,1,3,4,4,3,3,3,4,3,1,-0.168346021002902,2.23705672871935
"544",544,3,4,3,4,3,2,4,3,3,3,3,3,3,1,0,-0.553632530440243,0.780108580762132
"545",545,3,2,2,2,3,4,3,1,2,3,2,3,3,4,0,-1.89990590624659,0.618436504504106
"546",546,2,1,3,2,3,4,3,2,3,1,3,3,3,1,1,2.01925037270171,2.09022700737548
"547",547,4,4,3,3,4,2,3,2,4,3,4,4,3,3,0,-1.719576192619,0.786707888939491
"548",548,3,4,3,2,3,3,3,4,3,4,2,4,2,5,1,0.994930307201702,0.821393495951478
"549",549,4,5,3,3,4,1,4,4,5,3,4,3,5,2,1,-0.921491672872498,1.91980930251392
"550",550,2,2,5,2,1,4,3,1,4,2,3,2,2,2,0,-1.15265351547105,1.64387985195235
"551",551,4,3,5,4,4,3,3,4,3,2,4,2,2,5,1,-0.671334389695167,3.9994116695497
"552",552,3,4,2,3,3,2,3,3,4,4,3,3,2,4,1,-0.684913374275054,0.947607956186782
"553",553,7,6,1,8,8,8,7,1,3,4,4,9,1,6,0,-0.902924765533269,2.58561055443701
"554",554,2,2,3,3,2,5,4,1,1,4,2,3,3,2,1,0.286134521658142,0.177764390132997
"555",555,5,4,4,3,4,2,4,4,3,3,5,3,4,3,0,-0.0770280875460925,1.95464254339196
"556",556,3,2,2,3,3,4,4,3,2,1,1,2,1,4,0,0.505262565959466,0.811925926906765
"557",557,3,3,4,4,3,3,2,3,3,1,1,2,2,2,1,-1.66200568078927,0.537263858273124
"558",558,2,3,4,3,3,3,3,2,3,3,2,3,4,3,0,-0.122783973125363,0.905722611263457
"559",559,3,1,2,2,4,2,4,3,4,3,3,5,4,3,1,-0.755757199300368,0.182875408335464
"560",560,3,4,3,2,3,3,1,4,2,4,2,4,3,3,0,-1.54364514417082,0.986035757561353
"561",561,4,3,4,2,1,3,1,2,2,3,4,4,2,2,1,-0.595121599537899,0.0745704239237819
"562",562,1,3,2,3,4,3,4,3,3,4,5,4,4,4,1,-0.265663522060254,5.40977438780896
"563",563,3,3,2,2,3,3,3,3,4,2,3,2,4,2,1,-0.073593345576546,5.36284576242626
"564",564,2,2,3,2,3,3,3,2,4,4,2,3,3,3,1,-0.905481426757992,0.443596048394334
"565",565,3,4,4,3,4,1,3,4,5,4,3,3,4,3,1,-0.488802236632592,1.08030153361363
"566",566,3,2,3,5,3,3,3,3,3,3,2,2,3,3,0,-0.222245942796103,1.36183860302606
"567",567,4,3,3,2,3,3,3,4,4,3,2,1,2,3,0,-1.53487909153825,1.70010388301911
"568",568,3,4,3,2,3,3,4,5,3,4,3,4,3,4,1,0.57691602012745,0.578922391150661
"569",569,3,5,4,4,3,4,4,2,2,1,1,2,3,2,0,-0.255227650132542,3.34720880298759
"570",570,4,3,4,5,4,1,3,4,3,3,4,3,3,3,0,0.638417771465189,0.587865613478604
"571",571,4,4,3,3,4,3,2,3,4,4,3,3,4,5,1,-0.0682671237948098,6.84111977271968
"572",572,2,3,2,3,1,5,3,1,1,1,2,1,2,4,0,-0.228243711027902,0.877023008245519
"573",573,2,2,4,2,3,2,2,3,3,5,4,3,3,3,1,0.0969607976779958,0.404200920645956
"574",574,3,4,2,3,2,5,3,2,2,2,1,2,2,4,1,0.561819549743582,1.81479440504931
"575",575,3,4,3,4,3,2,2,4,4,3,3,3,3,3,0,0.620622475112879,4.76260960116854
"576",576,NA,NA,NA,NA,NA,NA,NA,NA,NA,NA,NA,NA,NA,NA,0,1.64250355127212,0.912862766267545
"577",577,3,2,1,1,1,5,3,1,1,2,3,2,4,3,1,1.20423317816076,0.231432994268142
"578",578,5,4,3,3,4,2,2,4,2,3,2,2,4,5,1,1.05431460017457,1.25759032397274
"579",579,2,2,2,2,2,3,3,2,2,3,1,2,1,4,0,1.22385229613279,0.770079557364935
"580",580,4,5,5,5,2,4,5,1,1,5,5,5,5,5,0,0.102718412643763,35.3189272456574
"581",581,3,2,4,4,3,2,4,3,4,3,2,2,3,3,0,-0.483670438642809,2.51786930698198
"582",582,2,4,3,2,1,4,4,2,2,2,3,2,2,5,0,-0.473043715732032,0.795154613248916
"583",583,2,1,2,3,3,3,3,2,4,3,3,4,4,3,0,-0.738890362096738,0.777235893990008
"584",584,4,2,3,3,2,3,2,2,2,2,3,3,3,3,1,-0.772054564079853,1.53369761175769
"585",585,2,2,3,2,3,4,4,3,4,3,3,5,2,1,1,-0.962573691572922,1.09083754859372
"586",586,3,2,1,2,3,4,2,2,4,4,3,4,2,3,0,0.589057820209347,1.82220848987558
"587",587,4,3,3,5,5,2,3,4,4,4,5,5,5,3,1,0.305235961100796,0.236728030817829
"588",588,NA,NA,NA,NA,NA,NA,NA,NA,NA,NA,NA,NA,NA,NA,0,-0.302699398824957,7.24549567662335
"589",589,3,4,4,2,4,3,3,4,3,4,2,4,4,4,1,0.738695930542837,7.7950956191815
"590",590,3,4,1,3,2,4,4,2,1,3,3,2,3,1,0,1.64874489798593,11.1354873589033
"591",591,4,4,4,4,3,2,3,4,3,3,2,4,3,4,0,-0.512380149344547,3.91287402018539
"592",592,3,3,3,3,4,4,3,4,2,3,3,5,4,3,1,0.0136484290848402,0.967497411840801
"593",593,4,3,4,3,3,2,3,4,4,2,3,2,3,5,0,-0.615294559238444,0.383281680278629
"594",594,3,3,4,4,4,3,2,3,1,2,2,3,4,3,0,-0.907351994529716,0.332993000498689
"595",595,4,5,2,4,4,3,2,3,3,2,2,2,2,2,0,-0.566189995174778,0.155095156321752
"596",596,3,3,3,3,4,3,3,5,4,3,3,3,4,5,0,1.32740519553547,1.16615272286399
"597",597,1,3,1,1,2,3,2,1,2,3,3,3,2,2,1,-0.761545836964118,1.85435932071446
"598",598,5,4,4,4,4,2,4,3,4,4,4,3,5,3,0,-0.185387417660602,0.475332242341925
"599",599,3,3,4,3,4,2,2,4,4,3,5,4,4,1,0,1.84168935787526,1.5149293768427
"600",600,3,1,3,3,3,4,2,4,2,2,3,2,3,2,1,1.33392895056055,0.992140842738777
"601",601,3,5,4,3,2,3,3,4,2,3,3,4,2,4,1,0.226863105258544,0.570623552511045
"602",602,3,3,4,5,4,2,1,3,4,3,2,5,4,2,1,-1.82091339720844,3.35224418918355
"603",603,4,3,2,2,2,3,2,2,2,2,1,4,3,5,0,1.57129074531263,1.65402892741181
"604",604,4,4,3,2,3,3,4,4,2,1,3,2,2,5,1,-0.454984049429325,0.878850095666665
"605",605,4,2,3,2,3,2,3,4,4,3,4,2,4,5,1,-1.54028184735294,1.31529902583815
"606",606,2,5,3,3,2,3,3,2,3,4,3,4,4,5,1,-0.0219801705826389,0.805934366199952
"607",607,4,3,2,4,3,3,2,3,4,4,3,4,5,1,0,-1.664738448022,0.34690091065288
"608",608,3,3,3,3,3,3,2,4,4,3,3,4,4,4,0,0.438981493606646,0.637981245351573
"609",609,4,4,4,4,3,2,4,3,3,3,5,4,4,2,1,-1.03338633092209,1.35109068307162
"610",610,4,4,4,2,3,3,4,3,3,3,3,3,3,1,1,0.213987852930996,0.652481681750052
"611",611,3,3,3,5,4,1,4,4,5,5,5,3,2,3,1,-0.435218642950911,1.15966931079478
"612",612,2,3,3,2,3,5,2,1,2,4,4,5,3,4,1,0.142478945146769,1.75211825191595
"613",613,3,5,3,4,3,2,3,3,3,4,2,3,2,4,0,-0.953285187107745,0.851252195927134
"614",614,2,2,3,3,3,4,3,2,3,3,3,3,3,3,1,-0.943222437136936,1.50083843895011
"615",615,3,4,4,4,4,3,2,1,4,3,4,2,3,2,0,0.496706089217672,0.106808996608376
"616",616,3,2,2,3,4,3,2,3,3,5,4,3,4,4,0,0.1189945682336,0.372976933422666
"617",617,3,4,2,3,2,3,3,4,3,1,2,1,3,3,0,-0.337467203693159,0.76843762883415
"618",618,3,3,1,2,3,3,4,3,2,4,5,3,2,1,1,0.41023356378572,3.83161502755159
"619",619,2,1,2,3,1,5,2,2,1,3,2,1,5,4,0,-0.58439965809945,2.45607599542934
"620",620,3,5,3,3,3,3,4,2,3,1,3,4,1,2,1,1.09397570864203,3.58501656872879
"621",621,2,3,3,3,3,5,1,1,3,4,3,3,3,2,0,0.991886474205077,1.53335685971965
"622",622,3,4,2,3,2,4,4,2,2,3,4,3,4,3,0,-0.0932869436783259,0.447417323367476
"623",623,3,3,4,2,3,2,4,3,3,1,1,2,2,4,0,0.732028660451438,2.86035928354206
"624",624,2,3,2,3,3,3,3,4,3,5,3,4,2,5,1,-0.844261717994409,0.424410479942596
"625",625,2,3,3,3,1,3,3,1,2,3,3,4,2,3,1,-0.776351575317403,1.69482058971246
"626",626,2,2,3,3,3,3,4,3,2,4,3,4,4,3,1,-2.36300090255211,0.295250912814015
"627",627,4,4,4,5,4,2,3,5,4,2,1,2,2,3,0,0.372514151045887,0.466397433922868
"628",628,3,4,4,3,2,3,2,3,3,3,3,3,3,3,0,0.229093505142282,1.14549516657842
"629",629,1,2,3,2,3,4,2,2,3,4,4,4,4,5,0,1.64278684767877,0.205113969785718
"630",630,1,2,4,1,3,2,2,3,3,3,3,3,3,3,0,0.307043387883663,0.460547251104059
"631",631,3,3,3,3,3,4,3,3,3,3,1,4,2,4,0,1.22459126800811,2.47593848773226
"632",632,2,1,3,1,3,3,4,3,2,3,2,3,5,2,0,0.647510190663896,0.321668746127463
"633",633,3,4,4,4,4,2,4,3,4,3,3,2,4,3,1,1.03103059369929,0.430794433755225
"634",634,3,4,3,3,3,2,4,4,4,5,4,3,4,4,0,-0.118403708613252,0.775271124316384
"635",635,3,3,2,3,3,2,3,3,3,3,4,4,2,5,1,-0.463040054144469,0.838965756184708
"636",636,2,2,1,2,3,3,2,3,2,2,2,2,3,5,0,0.183630809094949,1.64437156195994
"637",637,3,3,3,4,5,2,4,3,4,2,2,3,2,3,1,1.31780309905469,2.06909310676207
"638",638,4,5,5,3,3,2,3,3,2,3,3,4,2,2,1,1.28115577448,0.709042662713972
"639",639,4,5,5,5,5,2,4,5,4,4,3,2,2,1,0,0.128104022990268,0.124789666228038
"640",640,3,3,3,3,1,5,3,2,3,2,3,3,2,3,0,-0.675871960416304,2.36656883252151
"641",641,1,2,1,3,2,3,3,2,3,2,4,4,2,3,1,-1.70996290368942,0.507224765371887
"642",642,2,2,3,3,3,3,3,4,2,5,3,4,2,2,0,-0.691436004349264,3.30039935895257
"643",643,4,3,4,5,3,2,2,3,3,5,3,4,4,2,1,0.277038251551001,0.290350578325696
"644",644,3,3,3,3,3,3,4,3,4,2,2,2,2,2,0,1.05966639865608,2.8074185527751
"645",645,4,3,4,3,4,2,3,3,4,2,2,3,3,5,0,-1.46957272951019,8.21459397297537
"646",646,3,2,3,2,2,4,3,2,3,3,4,2,2,3,0,-0.0860570460043724,0.852555549285818
"647",647,3,2,4,3,1,3,4,1,1,3,2,1,2,3,0,0.103030643706892,1.23108766854043
"648",648,4,3,4,3,4,3,3,3,3,1,4,1,4,4,1,-1.62237016989589,0.481649904906133
"649",649,2,2,3,2,3,4,4,3,3,4,3,3,3,2,1,1.67930276807027,1.39937884358593
"650",650,4,3,4,3,4,2,3,4,4,3,3,3,3,4,1,0.698991901577895,1.90741167493385
"651",651,4,3,4,5,4,2,3,5,4,4,2,3,5,2,1,-0.275711808168402,1.67484443937538
"652",652,2,2,2,2,2,4,3,2,2,3,3,3,3,3,0,-1.24359347378059,1.44307767809797
"653",653,3,3,3,2,3,2,3,4,3,3,1,4,1,3,1,-0.350761017953966,0.267916854489357
"654",654,3,2,4,3,2,2,4,3,3,3,4,3,3,3,0,-1.53050458698805,0.844389664814794
"655",655,4,3,2,4,4,2,3,4,4,3,3,4,3,3,1,0.466112099855551,1.5374532199704
"656",656,2,5,4,4,4,3,3,3,4,2,2,4,2,3,0,-1.94057884914553,0.174444618830921
"657",657,3,4,5,2,2,2,4,3,3,3,3,2,2,4,1,0.935476460028731,0.124733381103401
"658",658,2,3,2,1,1,3,3,1,2,2,1,1,3,2,0,1.35648731433178,0.874266146508226
"659",659,2,2,2,2,1,3,4,2,2,2,2,2,2,1,1,-0.314106106948606,1.76710693186395
"660",660,4,3,3,3,3,4,2,3,3,3,3,3,3,2,1,0.806881972664435,2.72309613523918
"661",661,2,3,3,3,3,3,4,3,2,5,4,2,4,2,1,-1.32900056947791,1.28744623319707
"662",662,3,4,4,3,3,2,1,2,2,3,3,5,5,5,0,-1.58394509993982,0.680510472493217
"663",663,4,5,3,4,3,4,1,3,3,4,3,4,4,3,0,-0.0259304733480074,0.111330492975434
"664",664,2,2,3,3,4,2,3,2,3,4,4,5,3,3,0,2.847248983937,0.803582614168857
"665",665,2,1,2,1,2,3,2,4,3,3,2,1,1,5,0,-0.224115006531499,0.82724540331414
"666",666,1,3,2,2,3,3,4,3,4,3,3,2,3,3,0,-1.68867530088554,0.43943200769073
"667",667,5,4,4,5,2,3,2,3,4,2,3,1,2,1,0,-0.323886677781004,3.79278673408846
"668",668,4,4,4,5,4,3,2,5,4,4,4,3,2,4,1,-1.99057838122535,2.49329601998397
"669",669,3,4,3,4,3,2,3,4,4,2,4,2,4,3,0,0.929141354622402,0.303210513389723
"670",670,2,2,1,1,1,4,3,1,1,1,1,2,1,4,0,-0.844304760782326,0.187533816466346
"671",671,4,3,3,4,3,2,4,4,3,2,2,2,2,5,0,0.914338942166196,1.02483029494845
"672",672,3,3,2,3,3,4,3,4,2,3,3,3,2,4,1,0.291809068057609,0.0900421614788982
"673",673,4,3,2,4,4,2,3,4,3,4,3,3,4,5,1,0.470651537734208,0.561188430921768
"674",674,3,4,3,3,3,3,3,3,3,2,4,1,3,4,1,0.297603591120676,1.34572531830488
"675",675,3,2,3,3,4,3,1,4,3,2,3,3,2,3,1,-0.34025612503796,0.832290598134202
"676",676,3,2,1,3,3,3,3,2,4,2,1,3,1,2,1,0.696518050163901,2.21070999757153
"677",677,4,3,3,2,3,3,3,4,3,4,4,4,3,2,0,0.225309121862671,1.01633223966063
"678",678,2,1,2,2,1,3,2,4,2,4,3,4,5,3,1,1.45099993029162,0.271604910890396
"679",679,3,2,3,3,2,4,3,2,2,4,2,5,5,1,1,-0.405393206125213,1.57998404676716
"680",680,3,3,3,2,3,4,4,3,3,3,3,2,2,2,0,2.18341877127738,1.64930502168067
"681",681,2,2,1,2,2,3,2,1,2,2,2,4,3,2,1,0.264912092459302,0.701402523903493
"682",682,3,3,3,3,1,4,3,2,2,4,4,4,4,4,1,0.0191469465768381,0.168799942872325
"683",683,3,2,4,3,3,3,4,2,2,4,3,3,3,3,1,1.29572049645908,0.299301013361988
"684",684,3,3,5,3,4,2,3,3,4,5,5,4,4,5,1,0.452268188242024,5.3137762495516
"685",685,3,3,4,3,3,2,1,2,4,4,3,1,3,2,0,-1.73426141135926,6.70497525819613
"686",686,NA,NA,NA,NA,NA,NA,NA,NA,NA,NA,NA,NA,NA,NA,0,1.6795488640561,1.82394093930536
"687",687,2,3,2,2,3,2,3,3,3,3,3,3,2,3,0,-2.82684729625351,0.59799458824762
"688",688,3,3,2,2,2,4,3,2,3,4,3,4,3,4,0,0.119190050803627,0.731269211976835
"689",689,3,2,2,2,3,2,3,3,4,3,5,4,4,3,0,0.605512169409213,0.308920013180289
"690",690,4,4,4,4,3,2,1,3,4,4,4,5,5,3,0,0.594159286003022,0.805697059586018
"691",691,2,1,1,1,2,3,4,3,2,2,2,3,2,3,1,-0.927212409844773,1.31178996015566
"692",692,5,4,3,4,3,3,3,2,2,3,3,2,4,4,0,0.384806984098618,1.26719039396639
"693",693,4,4,5,5,2,4,2,3,2,2,3,1,1,2,0,-0.332915291225106,0.598066844069494
"694",694,2,4,1,3,3,3,2,4,4,1,3,3,1,3,1,-0.165527638320266,2.38812902332789
"695",695,4,1,3,2,4,3,3,3,2,3,1,2,3,3,1,-0.278397727421938,0.712436535170055
"696",696,3,2,2,2,1,5,2,1,1,1,1,2,1,3,0,1.00864631649957,0.078576277872555
"697",697,2,4,3,3,4,2,4,3,4,3,3,4,4,2,1,-0.922051803111258,0.605905447028845
"698",698,3,2,3,3,3,3,3,4,2,3,4,2,3,4,0,0.615890338528906,0.776069341264543
"699",699,4,4,3,3,4,3,3,3,3,4,3,3,3,4,1,-0.732584694664628,1.63127228880696
"700",700,2,1,3,4,4,4,4,3,2,4,3,4,3,3,1,0.178951731573593,1.59737643348963
"701",701,2,3,3,3,5,3,3,4,3,2,3,4,4,5,1,-0.548095754572757,0.272929625676258
"702",702,3,2,1,3,3,3,1,4,3,4,3,2,3,2,1,0.712868588660323,2.32852206269853
"703",703,5,5,5,5,1,5,5,1,1,5,5,4,5,5,0,0.647985297226277,308.545500812632
"704",704,1,4,2,2,2,4,4,4,2,2,2,2,3,3,1,0.653123691820567,0.18687201768734
"705",705,3,3,3,3,3,2,2,4,4,3,2,3,3,4,1,-1.09269450839635,1.25002570336362
"706",706,3,1,3,2,1,3,2,1,1,3,3,3,3,3,0,0.161856931942234,0.730702156891411
"707",707,5,5,4,3,3,2,3,4,3,3,2,3,3,3,0,1.99988596093728,1.14370714730102
"708",708,3,2,3,4,4,2,3,4,4,5,5,5,5,2,1,0.10978038536944,2.33482393270178
"709",709,9,7,7,5,3,6,4,9,1,6,4,4,3,1,0,0.212113236185438,2.48538877249992
"710",710,2,4,3,2,1,5,4,1,1,3,4,3,4,2,0,-0.317413863109744,0.577165017434258
"711",711,2,2,2,2,2,4,3,1,2,2,3,3,2,3,1,-0.885543238616921,1.63697059919363
"712",712,3,3,3,3,2,3,3,3,3,2,3,2,2,5,0,-0.849287718016707,4.83244925368555
"713",713,3,3,4,3,3,4,2,4,2,3,1,2,2,4,0,0.514565807686567,3.09558063933606
"714",714,3,3,4,5,4,2,4,4,4,5,1,3,2,3,0,-0.905666354324053,8.80483307158172
"715",715,4,4,3,3,4,3,4,4,4,4,5,3,4,5,1,-0.355647667009847,0.79006113820643
"716",716,2,2,3,1,1,4,3,1,1,4,3,3,4,3,0,0.285339671762625,2.14417589950864
"717",717,2,3,3,3,2,4,3,2,3,2,3,2,1,3,0,2.16830212606329,0.262779542845308
"718",718,3,3,3,2,3,2,2,4,4,4,3,3,4,2,0,1.49903621116248,1.0274741217956
"719",719,4,3,3,4,3,4,4,3,2,4,3,3,3,3,0,-0.591079450119114,0.750729789597894
"720",720,4,3,3,3,5,2,1,3,4,5,3,3,1,4,1,-0.998164686264733,0.552078607290585
"721",721,2,3,2,3,3,3,3,5,4,4,3,2,3,2,0,-0.41929439636535,0.489111903683464
"722",722,2,3,3,2,3,3,3,2,1,3,2,1,2,5,0,-0.973017159087487,0.260230051391064
"723",723,4,5,4,3,4,2,2,5,4,3,1,2,3,4,0,1.12609386536671,2.9037750378597
"724",724,3,5,3,4,3,3,4,4,3,4,4,4,3,3,1,-0.328192120751448,1.00675671567632
"725",725,2,3,4,4,3,2,1,4,4,3,2,4,3,4,1,0.886021667887168,4.28272084144561
"726",726,4,3,3,3,5,2,3,4,4,4,3,2,4,1,0,-0.269234812618586,0.831789870489206
"727",727,4,4,4,4,4,2,3,5,4,3,3,3,4,3,0,-0.181724489281549,2.63257714917224
"728",728,1,3,2,2,2,4,3,2,1,3,2,1,2,4,0,-0.0196472810961486,0.502960771243929
"729",729,3,1,3,4,2,2,3,2,1,3,2,4,2,2,1,-0.687360089795978,0.491836457176975
"730",730,1,2,2,3,2,4,3,1,2,2,2,2,2,3,1,0.277931792351693,4.09734301513107
"731",731,3,2,3,4,4,2,3,4,3,3,3,4,2,4,0,0.348812771781118,8.33107903889877
"732",732,4,3,3,3,4,4,2,3,4,2,3,3,3,3,0,0.0546303171768067,2.39349859656993
"733",733,3,1,3,1,2,4,3,1,1,3,3,4,2,2,0,-2.30965341798869,1.1989799428734
"734",734,3,3,3,4,2,4,3,3,2,2,3,3,2,2,1,0.01015800217996,2.11268839770132
"735",735,2,3,2,3,3,3,4,3,3,3,3,4,4,2,1,1.32627399019388,4.89932597490999
"736",736,3,3,3,3,3,4,2,4,2,3,4,4,3,2,1,0.673551096578505,9.8596963710332
"737",737,2,3,3,3,3,3,4,3,4,2,2,3,1,3,0,0.0369050195641824,0.34274866414092
"738",738,4,5,3,3,2,5,4,2,3,4,3,3,3,4,1,0.282536912762716,2.90171443711633
"739",739,3,3,1,2,4,3,2,2,3,4,3,4,4,3,1,1.40912067438952,1.56860638492596
"740",740,5,5,2,5,3,3,4,2,2,3,3,2,4,4,1,-0.557927125401571,1.7752501606401
"741",741,4,5,3,2,3,2,3,3,4,2,3,2,2,1,1,0.514004763470714,1.84900832645229
"742",742,3,2,3,2,3,3,2,3,4,4,3,3,4,2,0,-0.759009789003778,1.65314401682983
"743",743,2,2,1,2,2,2,4,3,3,3,3,3,4,4,0,1.46179210165419,0.108444898211478
"744",744,2,3,4,2,3,3,1,4,2,2,4,4,4,2,1,-0.713573628998618,3.50865414223662
"745",745,2,4,2,2,2,3,3,3,1,4,4,4,4,3,0,-1.42148241294125,0.332138634494319
"746",746,3,2,3,3,4,1,4,4,4,4,4,4,4,3,1,-0.511408897083597,1.78553681722714
"747",747,3,3,3,3,3,4,2,3,2,3,2,2,2,1,0,-0.559084701734498,1.95391753368435
"748",748,2,1,3,4,3,2,1,5,4,4,4,2,2,2,1,1.25728653924842,0.276559958084006
"749",749,3,3,3,3,3,3,3,3,3,3,3,3,2,1,0,0.66617930881422,5.81915513196751
"750",750,3,4,3,2,2,3,1,2,2,3,2,2,2,3,1,0.984877655673904,5.59969464029033
"751",751,4,4,4,5,3,3,1,4,2,4,2,1,4,4,1,1.83756194311534,0.59637977927199
"752",752,2,2,3,2,4,2,1,4,3,4,5,4,3,4,0,-0.145969390942486,1.15262625616757
"753",753,5,3,4,3,4,3,3,3,4,4,3,4,4,3,0,-0.0544665295713237,0.969655999737361
"754",754,3,3,3,4,2,4,3,1,1,2,3,3,2,4,0,0.237708694199537,1.49551480226843
"755",755,3,3,4,3,3,3,3,2,3,3,4,4,5,4,1,0.372101656301335,0.898499316750585
"756",756,3,2,3,3,4,3,3,4,4,4,3,3,4,5,1,-0.391331175387545,0.849934706273136
"757",757,3,2,2,1,5,2,4,3,4,3,4,1,2,3,1,-0.157866832541219,2.09811177604371
"758",758,5,2,3,4,3,5,3,3,2,3,2,3,2,4,0,-0.450363232377477,0.734569856002403
"759",759,3,4,4,3,3,2,3,3,3,3,4,4,4,3,0,1.5344424210714,1.01823096197321
"760",760,4,3,4,2,3,3,4,5,4,3,2,3,3,3,0,1.89858724877674,0.739515287396536
"761",761,4,5,4,4,5,1,4,3,2,3,5,3,2,3,0,-2.35278765340398,5.62738219236923
"762",762,2,3,4,4,4,3,1,4,3,3,2,2,1,2,0,-0.961710492368252,5.04323766412808
